[
  {
    "Q":"下单后，支付时间有限制吗？",
    "A":" 当天晚上22点前下单的订单，当天23点前可以支付，逾期不能支付；当天晚上22点后下单的订单，次日23点前可以支付，逾期不能支付。"
  },{
    "Q":"支付成功后，多久可以出单？",
    "A":"当天晚上22点前下单的订单，在下单的次日凌点，保单生效；当天晚上22点后下单的订单，在下单后的隔日凌点，保单生效。"
  },{
    "Q":"购买该保险有地域限制吗？",
    "A":"该保险产品是全国客户都可以投保的。"
  },{
    "Q":"在怎样的医院做试管婴儿移植，可以购买本保险？",
    "A":"只要在国内有合法辅助生殖资质的试管婴儿生殖科或生殖中心进行试管婴儿，均可购买本保险。"
  },{
    "Q":"你们的保险可以对海外试管做保险吗？",
    "A":"目前不可以。以后如果开通了海外通道，我们平台会及时发布消息的。"
  },{
    "Q":"购买该保险有年龄限制吗？",
    "A":"20-42周岁的女性可以投保。"
  },{
    "Q":"我可以在当地的保险公司进行购买本保险吗？",
    "A":"不可以。因为该产品是易康保平台联合前海保险公司总部开发的一款试管婴儿保险，易康保与保险公司签订了独家全权代理协议，所以只能在易康保平台购买该保险产品。"
  },{
    "Q":"该保险可以退保吗？",
    "A":"为避免道德风险，该产品不能退保。"
  },{
    "Q":"各种赔付标准是什么？",
    "A":"如果在2年内连续3次临床妊娠失败，保险公司就赔偿约定的保险金额给客户。"
  },{
    "Q":"临床妊娠失败的定义是什么？",
    "A":"保险公司定义的临床妊娠失败标准为：胚胎移植45天后B超检查确认子宫内未见妊娠囊回声。"
  },{
    "Q":"妊娠成功指的是什么？只要妊娠成功了，该合同保险责任终止吗？",
    "A":"保险公司定义的临床妊娠成功标准为：胚胎移植B超显示出现妊娠囊（或孕囊）。简单来说，就是成功怀孕了。只要被保人成功怀孕了，则合同保险责任终止。"
  },{
    "Q":"两年的保障期是否以移植时间为准？还是以确定妊娠的时间为准？",
    "A":"两年内被保险人的第三次不成功的事件需要在保险期限发生并有相关证明。则第三次移植后，B超检查确认是否妊娠且不成功的事件，必须是在保单生效的两年内发生。"
  },{
    "Q":"如果胚胎移植后流产了，或者宫外孕，那么可以申请理赔吗？",
    "A":"不可以。因为不管是流产还是宫外孕，都是妊娠成功后的表现，合同保险责任终止。"
  },{
    "Q":"三次移植可以在不同的医院进行吗？",
    "A":"可以，这3次移植要求在相关合法辅助生殖资质的医院进行。"
  },{
    "Q":"三次试管婴儿移植均失败后，如何申请理赔？",
    "A":"致电易康保服务热线400-061-8989进行报案，工作人员会帮助您进行理赔申请。"
  }
]
